{"type":"Topology","transform":{"scale":[0.000008678644763860408,0.000006946732084983772],"translate":[7.6881371000000005,48.491861]},"arcs":[[[0,15490],[180,52],[180,53],[170,48],[11,4],[35,15],[148,65],[7,5],[78,104],[114,-59],[-14,-18],[4,-6],[11,-15],[-10,-13],[40,-20],[9,13],[4,6],[9,11],[7,10],[0,0],[5,2],[77,-36],[7,7],[9,6],[-8,2],[3,3],[59,52],[66,60],[0,7],[4,4],[9,0],[76,70],[116,105],[118,-87],[23,-18],[6,-5],[65,-48],[29,29],[5,9],[8,4],[205,-155],[9,1],[246,225],[43,39],[2,5],[7,-5],[-5,-4],[46,-35],[8,9],[11,12],[56,62],[70,76],[20,23],[100,78],[17,-15],[67,-53],[71,75],[101,105],[45,58],[134,-71],[55,-24],[15,-7],[227,158],[21,13],[15,-9],[152,61],[24,11],[35,2],[20,-94],[9,-31],[18,-45],[151,80],[76,41],[10,-51],[72,26],[26,-69],[8,-22],[25,15],[11,-56],[48,-9],[-53,-81],[47,-13],[1,-218],[14,-26],[68,7],[15,2],[55,5],[83,7],[-8,-18],[-6,-12],[-11,-21],[-6,-13],[62,-19],[45,-13],[191,-53],[13,-7],[69,-31],[13,-3],[53,-16],[81,-22],[85,-24],[53,-14],[41,21],[17,10],[49,31],[9,5],[48,-7],[74,-19],[110,-33],[84,-31],[125,-81],[256,-163],[51,-9],[41,-34],[79,-54],[125,-78],[34,-6],[102,21],[12,3],[153,36],[9,3],[33,1],[484,9],[8,0],[7,0],[127,-10],[63,81],[75,-8],[16,49],[10,1],[402,57],[204,27],[9,-2],[1,-7],[34,-20],[1,0],[12,2],[-1,12],[-11,96],[-6,27],[-1,28],[4,20],[21,27],[28,27],[56,49],[31,26],[63,36],[46,12],[44,5],[43,-3],[58,-14],[98,-17],[90,-9],[55,-1],[31,0],[34,7],[58,40],[29,15],[33,12],[54,2],[64,-6],[61,-7],[54,11],[80,19],[75,58],[-24,137],[2,42],[4,42],[11,33],[37,69],[18,24],[42,37],[43,25],[22,15],[31,14],[73,21],[47,20],[10,6],[73,46],[45,45],[70,60],[37,51],[18,35],[17,35],[15,62],[4,47],[-10,87],[-6,26],[-14,32],[-68,104],[-47,62],[-26,46],[-24,40],[-15,21],[-17,29],[-47,67],[-38,54],[-19,38],[-10,36],[-2,98],[20,71],[36,55],[76,80],[49,62],[21,27],[18,20],[101,116],[15,47],[51,48],[79,88],[103,73],[47,16],[58,4],[93,-15],[117,-19],[126,-41],[81,-40],[122,-73],[136,-51],[134,-21],[160,8],[192,50],[43,17],[94,62],[105,110],[32,50],[12,85],[0,58],[-9,63],[-83,228],[-21,102],[1,95],[10,57],[19,61],[126,249],[29,77],[41,69],[102,102],[45,25],[128,34],[94,16],[76,3],[56,1],[135,-33],[66,-23],[94,-45],[133,-83],[143,-76],[200,-65],[235,-53],[47,2],[86,15],[90,22],[90,50],[66,40],[37,29],[11,30],[-2,39],[-26,78],[-66,158],[-13,47],[-15,86],[-19,53],[-87,171],[-71,169],[-17,28],[-73,85],[-36,24],[-79,27],[-136,35],[-172,53],[-114,39],[-58,31],[-95,64],[-49,54],[-85,126],[-38,93],[-26,106],[-5,44],[7,211],[11,80],[23,98],[19,46],[37,45],[69,65],[67,32],[59,15],[56,1],[46,-10],[68,-34],[12,-20],[6,-14],[10,-47],[45,-105],[34,-58],[37,-27],[40,-17],[58,-12],[110,2],[46,15],[75,37],[45,33],[124,129],[138,106],[85,58],[97,107],[48,61],[89,149],[94,71],[79,33],[153,41],[241,15],[109,-4],[80,-10],[71,-19],[81,-62],[79,-94],[68,-93],[48,-36],[39,-23],[-40,-25],[-175,-39],[-49,-19],[-117,-46],[-80,-61],[-75,-85],[-18,-105],[-172,-82],[-64,19],[-22,-72],[-6,-17],[-14,-196],[5,-54],[-15,-66],[11,-118],[53,-73],[56,-54],[87,7],[89,37],[75,12],[94,8],[118,-4],[164,-10],[168,-17],[59,-2],[63,-18],[175,-9],[95,-5],[-10,-19],[6,-37],[106,-61],[4,5],[151,-85],[28,22],[212,-242],[93,-113],[176,-56],[888,226],[194,-31],[-301,-1082],[-49,-159],[-124,-322],[-92,-212],[-130,-255],[-129,-202],[-100,-148],[-347,-470],[-256,-362],[-1035,-1400],[-733,-877],[-86,-110],[-198,-261],[-63,-91],[-59,-92],[-98,-175],[-59,-122],[-57,-127],[-24,-59],[-32,-88],[-29,-89],[-31,-107],[-18,-67],[-16,-72],[-15,-67],[-18,-95],[-17,-135],[-12,-146],[-4,-101],[0,-150],[6,-123],[9,-90],[7,-65],[11,-82],[42,-232],[28,-105],[85,-270],[48,-155],[77,-253],[124,-477],[62,-299],[70,-427],[40,-393],[12,-351],[6,-125],[25,-240],[-1,-391],[-17,-313],[-40,-350],[-32,-194],[-43,-184],[-41,-166],[-31,-140],[-28,-176],[-12,-117],[-11,-103],[-5,-51],[-9,-123],[-6,-301],[9,-127],[26,-216],[38,-184],[49,-221],[116,-465],[58,-242],[48,-273],[23,-201],[12,-220],[-4,-154],[-5,-111],[-17,-177],[-22,-153],[-22,-133],[-60,-253],[-61,-203],[-43,-134],[-54,-115],[-92,-175],[-215,-373],[-142,-222],[-138,-184],[-159,-182],[-77,-78],[-22,-23],[-106,-108],[-150,-119],[-179,-122],[-137,-85],[-124,-65],[-121,-62],[-104,-49],[-370,-152],[-375,-152],[-197,-83],[-34,-15],[-165,-76],[-185,-88],[-177,-90],[-249,-134],[-80,-50],[-84,-56],[-73,-48],[-107,-78],[-121,125],[-56,70],[-68,13],[-52,11],[-113,26],[-178,7],[-118,-5],[-90,-4],[-222,1],[-345,-28],[-163,-22],[-27,-1],[-20,9],[-35,27],[-163,137],[-56,67],[-18,4],[-41,-1],[-88,-16],[-46,-20],[-44,-8],[-59,-24],[-99,-62],[-40,-7],[-36,13],[-51,55],[-12,17],[-9,21],[-3,22],[74,112],[23,21],[53,49],[19,35],[16,41],[10,45],[8,8],[53,35],[14,11],[36,15],[67,16],[44,-8],[47,-17],[54,-31],[95,-67],[45,-29],[57,-26],[47,-3],[29,3],[40,12],[30,20],[21,23],[46,66],[77,72],[41,53],[9,24],[8,34],[10,28],[26,44],[79,104],[13,23],[8,106],[-2,30],[9,115],[-13,44],[-25,37],[-76,70],[-43,161],[-18,121],[-21,50],[-24,35],[-36,62],[-116,82],[-71,84],[-100,74],[-6,9],[8,110],[16,38],[25,38],[24,20],[27,10],[42,-2],[134,-42],[48,-33],[35,-7],[32,11],[11,23],[36,28],[16,19],[15,35],[8,21],[-5,14],[-15,5],[-26,3],[-11,13],[-10,46],[-23,49],[6,51],[10,30],[23,31],[20,18],[12,8],[35,15],[20,10],[35,21],[11,11],[3,11],[-2,8],[-10,46],[0,10],[6,7],[9,5],[36,14],[21,6],[101,22],[37,11],[13,4],[9,8],[11,20],[10,24],[29,65],[7,36],[2,22],[9,42],[12,67],[-1,26],[-8,47],[-33,80],[-11,25],[3,16],[7,8],[14,13],[13,8],[23,3],[30,4],[19,6],[16,4],[13,0],[9,-4],[22,-17],[50,-58],[12,-11],[12,-7],[18,-8],[12,-2],[10,-1],[28,5],[19,9],[45,34],[13,11],[12,14],[50,33],[4,8],[0,5],[-8,5],[-19,9],[-53,10],[-4,0],[-29,12],[-21,28],[-8,28],[-6,7],[-45,29],[-89,40],[-11,9],[-2,6],[18,51],[1,11],[-4,8],[-10,13],[-17,13],[-4,3],[-37,21],[-46,14],[-50,11],[-76,7],[-56,-13],[-65,-1],[-66,12],[-52,19],[-31,21],[-47,61],[-2,17],[8,58],[12,19],[4,14],[1,31],[-10,51],[-2,28],[13,21],[23,10],[56,4],[60,10],[99,-1],[68,13],[15,13],[34,44],[33,70],[8,36],[9,42],[-1,47],[-12,29],[-51,69],[-94,68],[-13,8],[-9,16],[-6,3],[-4,5],[-3,13],[-3,12],[-9,12],[-70,59],[-7,4],[-12,0],[-1,0],[-1,-1],[-5,3],[-2,6],[-21,4],[-19,1],[-9,2],[0,-2],[-8,1],[-69,9],[-25,3],[-80,-1],[-25,-14],[-17,7],[-25,-4],[-10,-1],[-9,-1],[-15,4],[-17,11],[-4,5],[-11,17],[-6,15],[-53,68],[-27,49],[-16,38],[-7,40],[-5,54],[1,42],[8,34],[10,31],[25,37],[11,23],[6,28],[0,22],[-4,24],[-4,10],[-7,18],[-1,15],[6,12],[12,12],[15,11],[16,6],[15,3],[24,1],[25,-2],[33,-5],[20,-7],[30,-6],[13,-1],[30,1],[37,2],[9,-2],[14,0],[19,-2],[18,-2],[4,2],[7,31],[0,43],[2,6],[30,33],[9,26],[1,51],[3,17],[10,25],[15,19],[96,91],[13,16],[4,7],[-1,16],[-2,16],[-2,11],[-19,50],[-40,60],[-21,26],[-14,13],[-34,17],[-8,1],[-26,1],[-29,-5],[-32,-6],[-7,-1],[-23,6],[-8,6],[-7,5],[-31,24],[-18,24],[-13,7],[-44,18],[-42,12],[-22,11],[-12,11],[-3,13],[3,18],[17,26],[12,9],[15,8],[10,13],[3,14],[-20,49],[-6,47],[-14,27],[-18,20],[-26,25],[-75,93],[-13,41],[-16,81],[-32,119],[0,22],[9,20],[19,17],[41,36],[27,21],[27,11],[88,31],[42,21],[17,8],[-14,19],[-11,22],[-10,33],[4,36],[-6,23],[-1,9],[-112,55],[-61,31],[-54,27],[-43,21],[-14,5],[-61,20],[-61,16],[-63,14],[-16,2],[-49,6],[-64,4],[-15,-1],[-48,0],[-62,-2],[-14,0],[-101,-29],[-56,-19],[-7,377],[40,32],[-261,70],[29,81],[-120,29],[-40,10],[-182,41],[-165,50],[-305,116],[-72,25],[-68,26],[-24,9],[-10,4],[-49,29],[-43,25],[-8,5],[-79,46],[-52,27],[-50,-11],[-73,-20],[-3,0],[-9,1],[-37,2],[-47,6],[-46,19],[-48,31],[-56,59],[-28,31],[-6,7],[-55,60],[6,77],[29,126],[-70,10],[-77,-10],[-34,-73],[-166,-25],[-100,31],[57,75],[-43,22],[-34,7],[40,80],[42,93],[48,137],[14,51],[2,30],[3,108],[-6,61],[-10,98],[-24,128],[-10,47],[-19,44],[-19,38],[-61,102],[-51,64],[-37,46],[-21,20],[3,8],[-21,26],[-114,116],[-49,24],[-100,67],[-83,48],[-90,50],[-121,32],[-130,32],[-112,18],[-46,5],[-99,9],[-118,3],[-73,3],[-149,17],[-138,10],[-77,9],[-40,-23],[-32,-2],[-27,-11],[-38,-6],[-30,-9],[-33,-9],[-36,0],[-29,3],[-7,-27],[2,0],[7,-15],[16,-37],[32,-46],[22,-21],[44,-37],[52,-35],[73,-34],[38,-22],[0,-57],[-19,-52],[-25,-13],[-52,-21],